{"schemaVersion":"1.0","appDefinitionTemplate":{"id":"/providers/Microsoft.PowerApps/apps/","type":"Microsoft.PowerApps/apps","tags":{"primaryDeviceWidth":"640","primaryDeviceHeight":"1136","supportsPortrait":"true","supportsLandscape":"true","primaryFormFactor":"Phone","publisherVersion":"3.22091.26","minimumRequiredApiVersion":"2.2.0","hasComponent":"false","hasUnlockedComponent":"false","isUnifiedRootApp":"false","sienaVersion":"20220930T220931Z-3.22091.26.0"},"properties":{"appVersion":"2022-09-30T22:09:31Z","lifeCycleId":"Published","createdByClientVersion":{"major":3,"minor":22091,"build":26,"revision":0,"majorRevision":0,"minorRevision":0},"minClientVersion":{"major":3,"minor":22091,"build":26,"revision":0,"majorRevision":0,"minorRevision":0},"backgroundColor":"RGBA(0,176,240,1)","backgroundImageUri":"/18221166383988060155/Nd224635f-7abd-42d6-a2ad-4e34d2870faa-logoSmallFile","displayName":"CodeMigratorForA360","description":"","commitMessage":"","appUris":{"documentUri":{"value":"/18221166383988060155/Nf49d64b9-85fb-401a-9c3c-e3a2a840080f-document.msapp"},"imageUris":[],"additionalUris":[]},"createdTime":"0001-01-01T00:00:00Z","lastModifiedTime":"0001-01-01T00:00:00Z","sharedGroupsCount":0,"sharedUsersCount":0,"icons":{"smallIconUri":"/18221166383988060155/N6bf7f227-ec51-4256-9c8b-f9262d57ea35-small.png","mediumIconUri":"/18221166383988060155/N8199dac0-cc12-4eed-a699-cb60d251a8b1-medium.png","largeIconUri":"/18221166383988060155/N9b68decd-cc8f-4bfc-9768-3e90ed98deb3-large.png","wideIconUri":"/18221166383988060155/N85032b28-c6b3-4840-ba8f-004122128b84-wide.png"},"connectionReferences":{"a39f6e62-08ea-4acb-aca6-d50358d262f4":{"id":"d7965d70-a3e8-4e08-b13e-bb8d0644d46f","displayName":"Logic flows","iconUri":"https://connectoricons-prod.azureedge.net/releases/v1.0.1534/1.0.1534.2605/logicflows/icon.png","dataSources":["getBotsIdList-AutomationAnywhereA360"],"dependencies":[],"dependents":[],"parameterHints":{"workflowName":{"value":"e8dfef2e-93eb-496d-8086-082d3cd82e88"},"workflowEntityId":{}},"parameterHintsV2":{"workflowName":{"value":"e8dfef2e-93eb-496d-8086-082d3cd82e88"},"workflowEntityId":{}},"isOnPremiseConnection":false,"bypassConsent":false,"dataSets":{},"apiTier":"Standard","isCustomApiConnection":false,"actions":["Run"]},"47272249-4dd8-4911-a8dd-1a9f1dc2eb2c":{"id":"d7965d70-a3e8-4e08-b13e-bb8d0644d46f","displayName":"Logic flows","iconUri":"https://connectoricons-prod.azureedge.net/releases/v1.0.1534/1.0.1534.2605/logicflows/icon.png","dataSources":["getBotsNameList-AutomationAnywhereA360"],"dependencies":[],"dependents":[],"parameterHints":{"workflowName":{"value":"1f87b5e3-9b8e-484f-ac7b-e69687cc571b"},"workflowEntityId":{}},"parameterHintsV2":{"workflowName":{"value":"1f87b5e3-9b8e-484f-ac7b-e69687cc571b"},"workflowEntityId":{}},"isOnPremiseConnection":false,"bypassConsent":false,"dataSets":{},"apiTier":"Standard","isCustomApiConnection":false,"actions":["Run"]},"9e15c46d-158d-4406-ac8e-737f40e26536":{"id":"d7965d70-a3e8-4e08-b13e-bb8d0644d46f","displayName":"Logic flows","iconUri":"https://connectoricons-prod.azureedge.net/releases/v1.0.1534/1.0.1534.2605/logicflows/icon.png","dataSources":["getToken-AutomationAnywhereA360"],"dependencies":[],"dependents":[],"parameterHints":{"workflowName":{"value":"79ab8714-5152-4690-a403-517f9b234055"},"workflowEntityId":{}},"parameterHintsV2":{"workflowName":{"value":"79ab8714-5152-4690-a403-517f9b234055"},"workflowEntityId":{}},"isOnPremiseConnection":false,"bypassConsent":false,"dataSets":{},"apiTier":"Standard","isCustomApiConnection":false,"actions":["Run"]}},"databaseReferences":{},"almMode":"Environment","performanceOptimizationEnabled":true,"canConsumeAppPass":true,"enableModernRuntimeMode":false,"executionRestrictions":{"isTeamsOnly":false,"dataLossPreventionEvaluationResult":{"status":"Compliant","lastEvaluationDate":"2022-09-30T14:28:46.1000665Z","violations":[],"violationsByPolicy":[],"violationErrorMessage":"The app uses the following connectors: shared_logicflows."},"httpActionRestriction":{"appUsesSharepointHttpAction":false,"enforcementStrategy":"Legacy","evaluationTime":"2022-09-30T14:28:46.0999974Z"}}},"appType":"ClassicCanvasApp","appComponents":[]}}